arcpy	0.04347193241119385
SVG	0.04157829284667969
 gnuplot	0.04106370359659195
 \";\"	0.03650817647576332
\":{\"	0.033331919461488724
\":\"	0.03270212188363075
\"][\"	0.03196455165743828
\".	0.031737446784973145
 \")	0.031534623354673386
CSS	0.030953172594308853
([[	0.030835142359137535
mako	0.030230898410081863
 testGet	0.03006591647863388
ubectl	0.030020959675312042
'\")	0.029727758839726448
=\'	0.02965719997882843
vnc	0.029190273955464363
 quoted	0.028789762407541275
exportLiteral	0.028586313128471375
 \"),	0.028551116585731506
ixVector	0.02790197916328907
spark	0.027827614918351173
 \"${	0.027076277881860733
('&	0.02681400626897812
 plist	0.026578208431601524
 \"--	0.026530224829912186
 GCP	0.026484878733754158
TreeNode	0.026449812576174736
JSONEncoder	0.026363056153059006
 fnmatch	0.02634711004793644
ERSAND	0.02632908895611763
 ASTER	0.026301128789782524
Render	0.02626863680779934
demo	0.026259636506438255
cuda	0.02612997591495514
qweb	0.026092151179909706
 DOL	0.026082314550876617
'(	0.02598835527896881
vicon	0.025944044813513756
amazon	0.025833716616034508
dag	0.025698192417621613
PyQt	0.02564902789890766
AVI	0.02562645450234413
 hot	0.025587981566786766
 ('-	0.025469157844781876
 assets	0.0251313503831625
isual	0.025016525760293007
click	0.024891072884202003
Summary	0.02488257735967636
scrapy	0.024874310940504074
=\")	0.024859532713890076
TSecurity	0.024774184450507164
percentile	0.02471775747835636
 visited	0.02466527186334133
 adb	0.024608183652162552
PrecompiledHeader	0.024576015770435333
Expression	0.024563996121287346
 302	0.02455774135887623
Om	0.024502426385879517
udaNdarray	0.024483172222971916
 410	0.024440430104732513
jax	0.024379020556807518
OS	0.024371014907956123
QMessageBox	0.024344313889741898
gettempdir	0.024314450100064278
 company	0.02429475076496601
bbrowser	0.02427125908434391
pubsub	0.024269700050354004
QE	0.02424236387014389
rawtransaction	0.024201327934861183
Eval	0.024187706410884857
[^\"]	0.024161431938409805
 logs	0.024103187024593353
 Node	0.024090033024549484
urse	0.0240870863199234
 middleware	0.02407355047762394




 '\"'	0.059449389576911926
(\"\\	0.05862439423799515
\"['	0.04686083644628525
\\"	0.044682882726192474
\"[\"	0.044454969465732574
:\\	0.03647919371724129
=\"#	0.035910606384277344
softmax	0.035608112812042236
xbmc	0.03446042910218239
\'	0.03419455513358116
Quote	0.03137337788939476
xsl	0.03133628889918327
MSVS	0.03127206489443779
ajax	0.03063165582716465
(\",	0.030194876715540886
'[	0.03003544546663761
DIRAC	0.02991807647049427
LaTeX	0.029264478012919426
Scene	0.029044341295957565
TriangularRandomVariable	0.029042772948741913
SimulatorImpl	0.028954774141311646
JS	0.028947629034519196
sitemap	0.028354519978165627
cherrypy	0.02824670821428299
scene	0.028142739087343216
appname	0.02814173325896263
>\".	0.028004705905914307
keystone	0.02765856310725212
dashboards	0.027559777721762657
ray	0.027504514902830124
('/	0.02732285112142563
java	0.027177514508366585
CompilerTool	0.026600126177072525
quantile	0.026589369401335716
TBinaryProtocolAccelerated	0.02653498575091362
TagName	0.026498954743146896
|'	0.02647479623556137
034	0.026468828320503235
menus	0.02642776444554329
\"$	0.02639888972043991
gdal	0.02633749321103096
dataframe	0.026166750118136406
GetName	0.026006165891885757
Flask	0.025975005701184273
curves	0.025841664522886276
Tenant	0.025811942294239998
Qgs	0.025802699849009514
QName	0.025797966867685318
533	0.025479862466454506
youtube	0.025423020124435425
webserver	0.0253837201744318
_(\"	0.025381319224834442
ASC	0.025363802909851074
Qgs	0.025350606068968773
pyrax	0.025345973670482635
POGOProtos	0.02531578205525875
537	0.025262193754315376
catter	0.02525433711707592
Theme	0.025249699130654335
TensorProduct	0.025213109329342842
FAKE	0.025165855884552002
ometries	0.025149285793304443
TONOS	0.025081545114517212
project	0.025076238438487053
startTag	0.0250407624989748
classifier	0.024964477866888046
childNodes	0.024947643280029297
WSGI	0.0249019768089056
chrome	0.024875108152627945
Mozilla	0.024751443415880203
alerts	0.024741796776652336
theses	0.024680769070982933
DChecker	0.02467888407409191
PrecompiledHeader	0.024576015770435333
Spark	0.024458738043904305
docutils	0.024454645812511444
Arp	0.024429989978671074
statistic	0.024397948756814003
Production	0.024365900084376335
200	0.024335619062185287
Pick	0.024327656254172325
gettempdir	0.024314450100064278
pubsub	0.024269700050354004
ERSCRIPT	0.024214494973421097
Resources	0.024195047095417976
Chrome	0.024194417521357536
exports	0.0241860281676054
dens	0.024065697565674782

'\"'	0.04966115579009056
\"\\	0.04518480226397514
 '\'	0.041741762310266495
 \"([^\"]	0.03951546549797058
 \"[	0.03264405205845833
nuplot	0.032381705939769745
javascript	0.03232567384839058
 [[[	0.0322103425860405
 Json	0.031724996864795685
 [\"	0.03050754964351654
mako	0.030230898410081863
 dot	0.030137762427330017
 '@	0.029584068804979324
('{{	0.02930575981736183
 '//	0.02926483191549778
xhtml	0.02834240533411503
 msvs	0.028270043432712555
NormalRandomVariable	0.028268584981560707
quoted	0.028152303770184517
RequestHeader	0.02798355184495449
 Jinja	0.027851741760969162
 APOST	0.027722561731934547
aws	0.027703087776899338
oms	0.027535539120435715
Spreadsheet	0.027394436299800873
 dash	0.027253389358520508
avi	0.027198702096939087
-\"	0.02714063972234726
testapp	0.027008721604943275
qemu	0.02696836180984974
Nav	0.026966001838445663
winrm	0.02678326703608036
Guest	0.026427600532770157
netscaler	0.026361698284745216
tacacs	0.026361675933003426
 avg	0.026323333382606506
[[	0.026312775909900665
ollar	0.02619250863790512
serif	0.025962460786104202
 SSH	0.025956248864531517
')['	0.025888072326779366
Qos	0.025776853784918785
SelectMultiple	0.025686105713248253
logits	0.025678055360913277
dags	0.02566242404282093
dian	0.025654135271906853
AVI	0.02562645450234413
istogram	0.02556840144097805
Cos	0.025425340980291367
 Tkinter	0.025257404893636703
theme	0.025214074179530144
DeviceEnergyModel	0.025133078917860985
=\"\")	0.025060800835490227
Views	0.02499672956764698
VectorData	0.0249642301350832
hou	0.024956760928034782
pandas	0.024949992075562477
 Game	0.02492307312786579
DiGraph	0.024900808930397034
SHOT	0.024874478578567505
 StringType	0.02485933154821396
 dx	0.024855226278305054
Clicked	0.024738973006606102
getData	0.02465974912047386
jom	0.024645661935210228
 game	0.024619538336992264
 escapes	0.02455059066414833
 gran	0.02454550191760063
HIST	0.02453225664794445
 \"~	0.02448298968374729
QP	0.024449577555060387
 Decimal	0.02440686523914337
getheader	0.024395717307925224
OS	0.024371014907956123
 News	0.024319110438227654


 '\"',	0.04515736550092697
\\\\	0.038622740656137466
']\"	0.03521398827433586
\'	0.03419455513358116
 [[-	0.03333881497383118
png	0.032960277050733566
Html	0.032437779009342194
>\"	0.03155532479286194
quotes	0.031406912952661514
 '#	0.03137734532356262
tanh	0.031087975949048996
 shader	0.031076299026608467
([^\"]	0.030291862785816193
mako	0.030230898410081863
\")'	0.0299738310277462
turtle	0.02963733859360218
 css	0.0296357199549675
TriangularRandomVariable	0.029042772948741913
('\"%	0.029001524671912193
 \";\	0.02894287183880806
 listdir	0.028826219961047173
netconf	0.028638705611228943
=','	0.028348946943879128
 \":	0.02819698676466942
QColor	0.027997905388474464
 chart	0.02786249853670597
 '-	0.02772730216383934
'.	0.02725927345454693
ros	0.027191536501049995
 QUOTATION	0.02681702747941017
ListFilter	0.026696091517806053
predictions	0.02657044120132923
FileSystem	0.026476651430130005
COLOR	0.026388676837086678
ERSAND	0.02632908895611763
Foreground	0.026315957307815552
TextNode	0.02628188021481037
:'	0.026208505034446716
 green	0.0260936189442873
sick	0.02584533952176571
SequentialRandomVariable	0.02583373337984085
XMLRPC	0.025812780484557152
ActionField	0.02573094516992569
 BLUE	0.025647880509495735
AGG	0.025587772950530052
 OpenSearch	0.025358304381370544
 pyrax	0.025345973670482635
opacity	0.025334352627396584
IncludeDirectories	0.025325024500489235
themes	0.02526887319982052
 \"\	0.025258975103497505
VirtualMachine	0.02522457391023636
Histogram	0.025154178962111473
 cuda	0.025140773504972458
TextInput	0.025071345269680023
 estimated	0.02506435289978981
GPU	0.025042660534381866
red	0.025001628324389458
 classifier	0.024964477866888046
ForDevice	0.024920640513300896
unquote	0.024916229769587517
sax	0.02489697001874447
 Alexa	0.02489047311246395
projects	0.02485206350684166
 wiz	0.024840693920850754
mpaign	0.02480413019657135
 shop	0.0247793085873127
testserver	0.024777261540293694
 environ	0.02477608248591423
 screen	0.024767626076936722
 Path	0.02473141811788082
 110	0.024720389395952225
5555	0.02471883036196232
300	0.024698147550225258
rhog	0.024612342938780785
appendChild	0.024568943306803703
rial	0.02454211376607418
],\"	0.02453920803964138
wkt	0.02445761114358902
getheader	0.024395717307925224
jax	0.024379020556807518
STATIC	0.024315277114510536
 gray	0.024293648079037666
PublicKey	0.024250471964478493
\"+	0.024239234626293182
sphere	0.024210717529058456
wsgi	0.02418750338256359
og	0.02417730912566185
 spar	0.024151457473635674
=\",	0.02414965257048607
GET	0.02413778565824032
opensearch	0.024083759635686874
 dnn	0.024021176621317863
 django	0.024015383794903755
1111111111111111	0.023997584357857704
 algorithms	0.023985574021935463
Principal	0.023983556777238846
STRING	0.02398122102022171
Tcp	0.023929622024297714
puppet	0.02392747811973095
 ESP	0.023924943059682846
 firewall	0.023913299664855003
GzipFile	0.023909257724881172
zure	0.02389610931277275
Vm	0.023895012214779854
djang	0.02387021668255329
 canvas	0.023834625259041786
PLY	0.02379147708415985
 panel	0.023759005591273308
()[	0.023751206696033478
DSCP	0.02373836375772953


\"'	0.039357174187898636
 \";	0.035920318216085434
 DOT	0.032300129532814026
 tensorflow	0.031633082777261734
 '#	0.03137734532356262
xsl	0.03133628889918327
 [[	0.031189387664198875
 \"<	0.03063078783452511
Average	0.030424311757087708
 plot	0.028726959601044655
)[\"	0.028696103021502495
 DOLLAR	0.02858630195260048
DRAWNS	0.02844221144914627
BooleanValue	0.028189456090331078
allation	0.028123779222369194
>\".	0.028004705905914307
 '=	0.027952084317803383
yaml	0.027575867250561714
createDataFrame	0.027549173682928085
:\")	0.027513328939676285
robots	0.02749795839190483
+\".	0.027356285601854324
 orange	0.027286192402243614
APPDATA	0.027155622839927673
JSONField	0.0269404798746109
Ray	0.026801832020282745
Soft	0.0267683956772089
 [('	0.02673715353012085
Twitter	0.026693234220147133
plot	0.026680488139390945
 matplotlib	0.02667914517223835
 tensors	0.026588931679725647
 outputfile	0.026578662917017937
TreeNode	0.026449812576174736
avm	0.026448950171470642
 PBXGroup	0.026384657248854637
 ElementTree	0.0263691283762455
 suds	0.026367852464318275
Click	0.026354972273111343
QT	0.02623097039759159
\")',	0.026224054396152496
gcp	0.02616923488676548
ktop	0.026009894907474518
 #'	0.025999171659350395
amazon	0.025833716616034508
 sphere	0.025806378573179245
flatpage	0.0257883258163929
deredDict	0.02571447379887104
dag	0.025698192417621613
OUTUBE	0.025602875277400017
 guest	0.02557809092104435
34	0.025570979341864586
 \"''\",	0.025569869205355644
QS	0.025394974276423454
mazon	0.025358205661177635
hara	0.025274885818362236
 watch	0.0252072736620903
 SubElement	0.025190651416778564
 Pi	0.02518385276198387
 gpio	0.02517133392393589
CThostFtdcReq	0.025148121640086174
dnn	0.025119157508015633
 latest	0.025115078315138817
 QMessageBox	0.025065207853913307
GetS	0.025031892582774162
Cpp	0.025031259283423424
umpy	0.025019746273756027
Actor	0.02501637302339077
0033	0.024948829784989357
?\"	0.024865470826625824
 Jenkins	0.02483484148979187
adog	0.024776406586170197
 ZipFile	0.024694064632058144
Ping	0.024690505117177963
 ping	0.02467140182852745
 downloads	0.02461215667426586
telnet	0.02460867166519165
],\"	0.02453920803964138
 employee	0.024525601416826248
 350	0.02452167682349682
 tok	0.024486659094691277
olden	0.024442361667752266


=\"([^\"]	0.05010237544775009
 \"['	0.04686083644628525
 \"/\":	0.03839718922972679
Xml	0.03719675913453102
 \\	0.036243271082639694
 \"/\"	0.03622853010892868
\'	0.03419455513358116
 javascript	0.0326603464782238
 \"[	0.03264405205845833
 Javascript	0.03180313855409622
 #\"	0.03030005469918251
 json	0.030242376029491425
\")'	0.0299738310277462
'\")	0.029727758839726448
('{{	0.02930575981736183
 '//	0.02926483191549778
 }}\"	0.02910076268017292
SDL	0.02904684469103813
TriangularRandomVariable	0.029042772948741913
 Js	0.02879757061600685
 '/	0.028784269466996193
 hadoop	0.028517574071884155
google	0.028505660593509674
=[\"	0.02829960733652115
 ('#	0.02828977257013321
allation	0.028123779222369194
 133	0.028049089014530182
RequestHeader	0.02798355184495449
 '=	0.027952084317803383
xsd	0.027903461828827858
ray	0.027504514902830124
 \")\"	0.027501467615365982
dvd	0.027379853650927544
xterm	0.02727160044014454
scene	0.02719334326684475
java	0.027177514508366585
 examples	0.027093369513750076
ango	0.027030054479837418
agrad	0.026988521218299866
sphinx	0.02698662504553795
 QtGui	0.026979779824614525
ssh	0.026968251913785934
ENSOR	0.026945581659674644
ExponentialRandomVariable	0.02691967412829399
tensors	0.02691863290965557
 grads	0.026851439848542213
Soft	0.0267683956772089
 dsdv	0.026745343580842018
DAG	0.026742415502667427
 popup	0.026670407503843307
':'	0.026586472988128662
jinja	0.026583436876535416
skin	0.026493465527892113
String	0.02643968164920807
momi	0.026434890925884247
 ({'	0.02640153281390667
COLOR	0.026388676837086678
virtualenv	0.026328109204769135
DoubleValue	0.02630297839641571
googleapis	0.02625001221895218
ElementTree	0.026155419647693634
ANGO	0.026105958968400955
qweb	0.026092151179909706
][\"	0.02608148753643036
 www	0.026075158268213272
 HttpResponse	0.025996418669819832
POSIXShell	0.025969624519348145
 '/':	0.025962315499782562
 rag	0.02592630870640278
umenta	0.02591085433959961
ConstantRandomVariable	0.025747546926140785
 exploration	0.025623701512813568
enkins	0.025591520592570305
istogram	0.02556840144097805
\.	0.02555491402745247
GOOGLE	0.025484081357717514
Painter	0.02542465552687645
QS	0.025394974276423454
 picture	0.025356169790029526
 fakes	0.025338685140013695
 shortest	0.025326212868094444
Evaluate	0.025299662724137306
 gsutil	0.025282898917794228
 File	0.025271624326705933
 Resources	0.02526119537651539
ATG	0.025200501084327698
(\"\")	0.02518450655043125
 latest	0.025115078315138817
MPI	0.025111690163612366
 estimated	0.02506435289978981
GetS	0.025031892582774162
 Flask	0.025028424337506294
spring	0.025013217702507973
assets	0.025010304525494576
Sid	0.024996060878038406
).'	0.02498149685561657


\\\"	0.0709858313202858
 \"\\	0.05231790617108345
'\\	0.03702859207987785
 softmax	0.035608112812042236
 \"))	0.033584389835596085
xbmc	0.032856285572052
 javascript	0.0326603464782238
 xml	0.032554734498262405
javascript	0.03232567384839058
 XHTML	0.03128821775317192
 MSVS	0.03127206489443779
 posixpath	0.031249642372131348
RDF	0.0312277153134346
 [{'	0.030805837363004684
 JsonResponse	0.030702553689479828
 latex	0.030530540272593498
Comma	0.030083024874329567
 \"-	0.02991418167948723
HTML	0.029640594497323036
 plots	0.029484599828720093
(\"~	0.02904602140188217
 '<'	0.02894415892660618
 quot	0.028706999495625496
 etag	0.02865709736943245
 '=	0.027952084317803383
 tan	0.027942046523094177
keystone	0.02765856310725212
apple	0.027604904025793076
 sickbeard	0.027591625228524208
 Azure	0.02747809886932373
 jsonify	0.027422979474067688
 yellow	0.02740549109876156
99	0.027084432542324066
ExponentialRandomVariable	0.02691967412829399
SecurityGroup	0.026833605021238327
 QUOTATION	0.02681702747941017
))'	0.026752591133117676
 UserRegistration	0.02674495428800583
vmware	0.02670365758240223
presentation	0.026592139154672623
 plist	0.026578208431601524
>'	0.026442179456353188
Guest	0.026427600532770157
\")',	0.026224054396152496
:'	0.026208505034446716
gcp	0.02616923488676548
$\	0.026145637035369873
 Demo	0.02613922394812107
cuda	0.02612997591495514
(\"!	0.02601540833711624
CheckBox	0.02584494836628437
amazon	0.025833716616034508
 kube	0.02581615187227726
Iq	0.025787249207496643
Purchase	0.02573098987340927
 nitro	0.0257191713899374
dings	0.02569841407239437
 210	0.025695472955703735
QuerysetEqual	0.025632759556174278
assertTemplateUsed	0.025618622079491615
 cpu	0.02558082528412342
istogram	0.02556840144097805
scatter	0.02556270733475685
appengine	0.025455527007579803
dav	0.02544669434428215
 \"`	0.025445377454161644
 FITNESS	0.02542652189731598
dense	0.02541521191596985
ASC	0.025363802909851074
 \"{	0.025347881019115448
hot	0.025326840579509735


SVG	0.0421682745218277
'\\\\	0.03734752535820007
\\.	0.03697932884097099
Javascript	0.0326261930167675
gdata	0.03190199285745621
\"#	0.0318710058927536
Json	0.031724996864795685
\\\	0.03156441077589989
xbmcgui	0.030835023149847984
HEBREW	0.030697351321578026
#\"	0.03030005469918251
[\"--	0.030143359676003456
rdf	0.029829805716872215
'{{	0.029433302581310272
ExecutablePath	0.029328400269150734
'//	0.02926483191549778
SimulatorImpl	0.028954774141311646
DOLLAR	0.02858630195260048
\"}\	0.02851252071559429
Neutron	0.028482772409915924
FakeVirt	0.02840019389986992
WidgetItem	0.02831823192536831
scene	0.028142739087343216
shader	0.02802034094929695
(\\\\	0.02800142392516136
QColor	0.027997905388474464
graphs	0.027905531227588654
Cookie	0.027718394994735718
rss	0.027657436206936836
\"<	0.027543921023607254
ray	0.027504514902830124
jsonify	0.027422979474067688
(\"'\",	0.027173690497875214
{\"	0.026922956109046936
apache	0.026887472718954086
Ray	0.026801832020282745
jenkins	0.026787834241986275
plist	0.026578208431601524
='#	0.026560820639133453
|'	0.02647479623556137
Android	0.026438914239406586
Guest	0.026427600532770157
FilePath	0.02642608992755413
GetItem	0.026218080893158913
('(	0.02619113400578499
QN	0.026168381795287132
VistA	0.026151610538363457
neutron	0.026074711233377457
apt	0.026070402935147285
postbuilds	0.026066254824399948
httpd	0.02594608999788761
theus	0.025867298245429993
DAG	0.025528471916913986
','	0.025446997955441475
autoescape	0.025432882830500603
trakt	0.02542887069284916
dag	0.025419872254133224
floatingip	0.025409361347556114
ynomial	0.025313979014754295
Heat	0.025276953354477882
\"\	0.025258975103497505
gzip	0.02525540068745613
ACCG	0.02523118257522583
LibvirtConfig	0.025172319263219833
Flask	0.025028424337506294
bg	0.02495752088725567
Pickle	0.024862781167030334
views	0.024813838303089142
assertHTMLEqual	0.024731704965233803
vcenter	0.024666476994752884
djangoproject	0.024664048105478287



('\"	0.06301331520080566
('\"')	0.06121009960770607
(\"\\	0.05862439423799515
'\"	0.052191443741321564
'\"'	0.04966115579009056
('\"',	0.04655769094824791
\"\\	0.04518480226397514
\"',	0.043753527104854584
\"'	0.04365868121385574
\">'	0.042776919901371
('\\	0.042048919945955276
\".\"	0.04190336540341377
\"},\"	0.04033040255308151
(\"'	0.037968769669532776
(\"/\")	0.03746678680181503
(\".	0.037365760654211044
'\\	0.03702859207987785
('$(	0.036863554269075394
\".'	0.03597269579768181
']\"	0.03521398827433586
([[[	0.035161882638931274
'#	0.03415051847696304
.\"	0.034143008291721344
(\"&	0.03408583626151085
(\"//	0.033945437520742416
'.\"	0.033469755202531815
\":{\"	0.033331919461488724
(\"+	0.033112749457359314
\"')	0.03308617323637009
('.	0.03308432921767235
\":\"	0.03270212188363075
(\"#	0.0324762798845768
(\"[	0.032109688967466354
\"][\"	0.03196455165743828
(\"</	0.03194187581539154
(\'	0.03188818320631981
\".	0.031737446784973145
/>\"	0.031461626291275024
\"[	0.031113531440496445
+\"	0.031105274334549904
'\",	0.031040454283356667
([\"	0.030927246436476707
)+\"	0.030857525765895844
([[	0.030835142359137535
\"],[\"	0.030731847509741783
(\"@	0.030656738206744194
')\"	0.030604565516114235
(\",\")	0.030504031106829643
/\"	0.03031684085726738
([^\"]	0.030291862785816193
','#	0.03026169165968895
(['/	0.030246417969465256
(\",	0.030194876715540886
/\",	0.03012619912624359
(\"/\",	0.030017206445336342
\")'	0.0299738310277462
(\"/	0.029901113361120224
'\"',	0.02987462654709816
(\":	0.02977004647254944
)\\	0.029734337702393532
'\")	0.029727758839726448
\"/>	0.029479485005140305
(\"(	0.029452435672283173
':\"	0.029443176463246346
('{{	0.02930575981736183
(\"~	0.02904602140188217
('\"%	0.029001524671912193
+\",	0.02877986989915371
',[[	0.028747061267495155
('//	0.02873513475060463
.'	0.028721695765852928
)[\"	0.028696103021502495
('[	0.028590189293026924
\"(	0.028502605855464935
()[\"	0.028422724455595016
\",'	0.02832838147878647
(\"<	0.028234483674168587
('#	0.02822902984917164
/\">	0.028203759342432022
$\",	0.028144482523202896
(\\\\	0.02800142392516136
.$(	0.027880655601620674
\">\	0.027831684798002243
-\\	0.02775082178413868
(\\	0.02771732769906521
0022	0.027589840814471245
\"<	0.027543921023607254
$(	0.027517708018422127
\");\	0.027363307774066925
+\".	0.027356285601854324
'.	0.02725927345454693
(\"'\",	0.027173690497875214
':['	0.027171749621629715
-\"	0.02714063972234726
$\"	0.027047567069530487
('/	0.0269569531083107
+\"/	0.026887886226177216
\"\":	0.02682865411043167
('&	0.02681400626897812
(\"-	0.026793120428919792
))'	0.026752591133117676
'//	0.026709407567977905
({\"	0.02667953260242939
\"]',	0.026671120896935463
':'	0.026586472988128662
\"/	0.026513146236538887
034	0.026468828320503235
','/	0.02643844671547413
('+	0.026276731863617897
':('	0.02624783106148243
('</	0.02624632604420185
\">	0.026228873059153557
\")',	0.026224054396152496
('(	0.02619113400578499
('/')	0.026160676032304764
$\	0.026145637035369873
(\"__	0.026134613901376724
/\")	0.026072068139910698
\",\"	0.02606937848031521
(\"!	0.02601540833711624
'(	0.02598835527896881
([[-	0.02597774751484394
\"><	0.02589775249361992
')['	0.025888072326779366
(\"./	0.025867320597171783
&#	0.025849012657999992
3339	0.02583395689725876
\"[\	0.0258274357765913
'\[	0.025730645284056664
((('	0.025696096941828728
499	0.0256914421916008
(?:[	0.02568712830543518
'[	0.025681674480438232
$',	0.025670886039733887
532	0.02566971257328987
34	0.025570979341864586
([(\"	0.025518858805298805
\"?>	0.02549906261265278
533	0.025479862466454506
(\"$	0.02546214871108532
)\"	0.02544214576482773
',[	0.02543228678405285
(['	0.025268662720918655
537	0.025262193754315376
.*'	0.025237370282411575
).\"	0.0252007395029068
/'	0.025188522413372993
(\"\")	0.02518450655043125
(\"\"))	0.025083066895604134
'/	0.02506701834499836
339	0.02505885809659958
\":	0.02500557340681553
).'	0.02498149685561657
0033	0.024948829784989357
((\"	0.024948175996541977
(([	0.024838225916028023
0054	0.024800730869174004


=\"([^\"]	0.05010237544775009
=\"'	0.048429954797029495
=\\"	0.04543406516313553
:\\	0.03647919371724129
=\".	0.03612910211086273
=\"#	0.035910606384277344
<|endoftext|>	0.03529303893446922
=\"-	0.03486662730574608
Azure	0.032212089747190475
>\"	0.03155532479286194
CMAKE	0.031086793169379234
CSS	0.030953172594308853
=\"/	0.030884629115462303
;\"	0.030427051708102226
Average	0.030424311757087708
='.	0.030389774590730667
CSIDL	0.030374590307474136
Comma	0.030083024874329567
:\"	0.02983112819492817
=\'	0.02965719997882843
='-	0.02960464358329773
=\"--	0.02944553643465042
AWS	0.029380928725004196
=[[	0.029098834842443466
='[	0.029035435989499092
>{{	0.028978774324059486
CSV	0.028928959742188454
BOTO	0.028735607862472534
=','	0.028348946943879128
=[\"	0.02829960733652115
Arn	0.028257878497242928
BooleanValue	0.028189456090331078
AVA	0.028189105913043022
Chart	0.02806711755692959
>\".	0.028004705905914307
Avg	0.027778716757893562
=\"<	0.027647288516163826
ARN	0.027536094188690186
Android	0.02752896398305893
:\")	0.027513328939676285
Apple	0.02733290195465088
=(\"	0.027213074266910553
='/	0.02717593125998974
CGI	0.02717457339167595
ANDROID	0.027172626927495003
APPDATA	0.027155622839927673
99	0.027084432542324066
AAAAAAAAAAAAAAAA	0.02699117921292782
Color	0.02696097083389759
Apache	0.026852544397115707
AML	0.02684950642287731
=\"*\"	0.026798097416758537
CharToOrderMap	0.026612840592861176
='--	0.026608159765601158
CompilerTool	0.026600126177072525
='#	0.026560820639133453
CPP	0.026554923504590988
Colors	0.026450974866747856
>'	0.026442179456353188
COLOR	0.026388676837086678
Click	0.026354972273111343
://\"	0.026251783594489098
AdditionalIncludeDirectories	0.02624243125319481
BarTest	0.026228906586766243
CharSetProber	0.026220373809337616
:'	0.026208505034446716
Asc	0.026128768920898438
ANGO	0.026105958968400955
CachedResponse	0.02608504146337509
Air	0.0259575042873621
Acl	0.025884266942739487
CheckBox	0.02584494836628437
ActionField	0.02573094516992569
=_(\"	0.02565808780491352
Checkbox	0.025653688237071037
AVI	0.02562645450234413
Ansible	0.02561028115451336
AGG	0.025587772950530052
CPU	0.025390731170773506
<!--	0.02537590079009533
ASC	0.025363802909851074
Boto	0.02533671073615551
='$	0.025325067341327667
=&	0.025303609669208527
Brush	0.02526336908340454
='	0.025257546454668045
ACCG	0.02523118257522583
ATG	0.025200501084327698
CThostFtdcReq	0.025148121640086174
=\"\"):	0.025142600759863853
Alarm	0.025121422484517097
Clipboard	0.025062553584575653
=\"\")	0.025060800835490227
Actor	0.02501637302339077
=('	0.025008512660861015
=\"\"	0.02493654005229473
;'	0.024922426789999008
ComboBox	0.024888955056667328
?\"	0.024865470826625824
=\")	0.024859532713890076
;}\	0.024847522377967834
AAAC	0.024759050458669662
Applications	0.024741413071751595
Clicked	0.024738973006606102
Avatar	0.02469562366604805
Axes	0.02461615949869156
ASM	0.02459748461842537
APPLE	0.024534717202186584
ASF	0.02450128085911274
COLORS	0.024491779506206512
=['	0.02444526180624962
Arp	0.024429989978671074
=\"	0.024364791810512543
CMake	0.024357173591852188
CUM	0.024353668093681335
559	0.02432236634194851
CSP	0.024312932044267654
=='	0.02431238628923893
Arrow	0.024282002821564674
CHART	0.02424423210322857
969	0.0242322888225317
='<	0.024226222187280655
={\"	0.024210026487708092
CGG	0.024208733811974525
Authenticated	0.02419162169098854
CAST	0.02418840490281582
=[('	0.024174651131033897
;\":	0.02415529265999794
=\",	0.02414965257048607
ALG	0.024141624569892883
Categorical	0.0241068247705698
CLAMATION	0.024104755371809006
59	0.024080833420157433
CloudStack	0.024072324857115746
Bold	0.024054907262325287
AUTHORIZ	0.023972677066922188
995	0.023959562182426453
Arc	0.023902300745248795

Json	0.03620564192533493
FortiOSHandler	0.03599102795124054
Gnuplot	0.03488260135054588
HKEY	0.032981328666210175
Javascript	0.0326261930167675
JavaScript	0.032488930970430374
Html	0.032437779009342194
DOT	0.03165624290704727
JSON	0.03156666085124016
GetMSBuild	0.03074415773153305
Cpu	0.030543340370059013
ConfigurationList	0.02979324199259281
GetOutputPort	0.029685454443097115
HTML	0.029640594497323036
ExecutablePath	0.029328400269150734
JS	0.028947629034519196
Dashboard	0.028940260410308838
GetFile	0.028893940150737762
Dot	0.028734240680933
Js	0.028616463765501976
DRAWNS	0.02844221144914627
FakeVirt	0.02840019389986992
GYP	0.028398729860782623
DetailView	0.02833259291946888
EXAMPLES	0.02824951708316803
Gyp	0.02777772583067417
Cookie	0.027718394994735718
Icon	0.027664272114634514
IndexedSlices	0.02754645235836506
GetOutput	0.027453068643808365
ITIES	0.027328183874487877
Escaped	0.027284273877739906
Graph	0.02726709097623825
HTMLParser	0.02719210647046566
Gzip	0.027008285745978355
HasNext	0.026986848562955856
ENSOR	0.026945581659674644
JSONField	0.0269404798746109
Google	0.026928594335913658
ExponentialRandomVariable	0.02691967412829399
DAG	0.026742415502667427
Demo	0.026649441570043564
ETag	0.02649477683007717
FileSystem	0.026476651430130005
FilePath	0.026433780789375305
Forms	0.026429537683725357
Guest	0.026427600532770157
DeserializeFromString	0.026423398405313492
DASH	0.02638768032193184
GetProperty	0.02636783942580223
JSONEncoder	0.026363056153059006
DJANGO	0.026339493691921234
HttpResponse	0.026336148381233215
ERSAND	0.02632908895611763
Foreground	0.026315957307815552
DoubleValue	0.02630297839641571
Dock	0.02629045583307743
Dash	0.026283588260412216
Hot	0.026246415451169014
IMEText	0.026232313364744186
GetItem	0.026218080893158913
DValue	0.026216432452201843
DHE	0.026172544807195663
ElementTree	0.026155419647693634
GREEN	0.02615221217274666
ConfigParser	0.026147255674004555
DisplayName	0.026137247681617737
GetName	0.026006165891885757
Gamma	0.02597856894135475
Flask	0.025975005701184273
Dag	0.02594507485628128
Folder	0.025923557579517365
GRAPH	0.025809869170188904
Java	0.025791920721530914
Iq	0.025787249207496643
DOM	0.025779521092772484
GetNode	0.025760872289538383
ConstantRandomVariable	0.025747546926140785
GTEST	0.025664621964097023
ICON	0.02558457851409912
DataSet	0.025568829849362373
Gradient	0.02556694485247135
Curve	0.02556563727557659
Elastic	0.02554023265838623
GOOGLE	0.025484081357717514
Ftdc	0.025482703000307083
GLX	0.025470199063420296
Cos	0.025425340980291367
IncludeDirectories	0.025325024500489235
Example	0.0253245010972023
Firewall	0.02532430924475193
Deployment	0.0253075510263443
Evaluate	0.025299662724137306
Heat	0.025276953354477882
GData	0.025190629065036774
Histogram	0.025154178962111473
HTTPResponse	0.025140728801488876
HiddenInput	0.025138046592473984
DeviceEnergyModel	0.025133078917860985
GetCurrent	0.025065777823328972
GPU	0.025042660534381866
GetInstance	0.02504195086658001
GetS	0.025031892582774162
Cpp	0.025031259283423424
DontFragment	0.025012876838445663
FOLDER	0.02493675984442234
ForDevice	0.024920640513300896
DiGraph	0.024900808930397034
EnvVar	0.02487424947321415
EnumChecker	0.024872038513422012
Dom	0.02482205629348755
FTP	0.024795008823275566
GetPoint	0.024767229333519936
DoGet	0.02474447712302208
Firefox	0.02473890595138073
GetTest	0.024733660742640495
GammaRandomVariable	0.0247296541929245
DAO	0.02470305934548378
Django	0.024690575897693634
GetDevice	0.024683380499482155
DChecker	0.02467888407409191
Favor	0.024661188945174217
Currency	0.02465183660387993
File	0.02465011179447174
GCM	0.02462938241660595
ILON	0.024621233344078064
GetAll	0.024617867544293404
DataFrame	0.024601511657238007
HTTP	0.02459578961133957
Dns	0.024585450068116188
Expression	0.024563996121287346
Graphics	0.0245348010212183
HIST	0.02453225664794445
HTTPRequestHandler	0.024509871378540993
Exporter	0.024481365457177162
Element	0.024466199800372124
Directory	0.024464599788188934
Feed	0.024450896307826042
DOCTYPE	0.02444414235651493
Forwarding	0.024426294490695
EnumValue	0.024372760206460953
Evaluation	0.024335801601409912
Configurations	0.024315185844898224
Doctype	0.02430368959903717
ETED	0.024302445352077484
Directories	0.024297840893268585
ENANT	0.024283356964588165
GetNext	0.024256348609924316
ERSCRIPT	0.024214494973421097
Cost	0.0242127925157547
Credential	0.024194665253162384
Eval	0.024187706410884857
FileField	0.024186836555600166
Indic	0.02418588660657406
GetType	0.02417490817606449
Green	0.024167973548173904
DataOutput	0.024166299030184746
DQ	0.024151276797056198
GET	0.02413778565824032
HTTPRequest	0.02411670982837677
GDAL	0.0241006501019001
Files	0.024095848202705383
GCC	0.024088595062494278
Datastore	0.024087099358439445
English	0.024073049426078796
EnergyModel	0.024063032120466232
Facts	0.024058036506175995
ILDE	0.024037769064307213
Getting	0.024007456377148628
Cons	0.02400708571076393
Http	0.024003880098462105
HERS	0.023965977132320404
Dictionary	0.02393985353410244
GypPathTo	0.02392060123383999


MSBuild	0.035778433084487915
PNG	0.03498994931578636
PBX	0.031457848846912384
RDF	0.031227687373757362
Pixmap	0.031112024560570717
QIcon	0.03061552904546261
ROPHE	0.030360296368598938
Quote	0.029912099242210388
Quoted	0.029841387644410133
PropagationLossModel	0.029835060238838196
MenuItem	0.0292971208691597
Plot	0.02928289771080017
PacketTag	0.029261142015457153
QUOTE	0.029080983251333237
SDL	0.029046835377812386
Ninja	0.028910383582115173
Pod	0.028696343302726746
LibvirtConfigGuest	0.028625668957829475
MSVS	0.02857273258268833
ROID	0.028500186279416084
Neutron	0.02848278544843197
LossModel	0.028409916907548904
NormalRandomVariable	0.028268584981560707
ONOS	0.02810709923505783
QColor	0.027997896075248718
RequestHeader	0.02798358164727688
PasswordHasher	0.027930574491620064
Ndarray	0.02789122797548771
PathName	0.027885783463716507
KeyValue	0.027792220935225487
QtGui	0.027785351499915123
PHP	0.02762242592871189
Predicted	0.027376089245080948
RDD	0.02725232020020485
Popup	0.027217833325266838
Numpy	0.027085453271865845
RandomVariableStream	0.02702999673783779
Plist	0.027023520320653915
RSS	0.027005543932318687
ListResult	0.026971695944666862
Nav	0.026966052129864693
PDF	0.026943296194076538
Picture	0.02693115547299385
PushButton	0.02687508799135685
Ray	0.02680179849267006
Predict	0.026761632412672043
ListView	0.026712389662861824
ListFilter	0.02669617533683777
Markdown	0.026651563122868538
ParseResults	0.0266338549554348
Menu	0.026592612266540527
QPushButton	0.026502806693315506
PasswordInput	0.026493340730667114
OutputFile	0.026484979316592216
ListBox	0.02646571770310402
Qt	0.0264341589063406
Palette	0.02642744407057762
MobilityModel	0.02642526663839817
RED	0.026340048760175705
ResponseHeader	0.026318760588765144
MENU	0.026274485513567924
Rating	0.02627256140112877
Render	0.026268549263477325
Movie	0.026243245229125023
QT	0.02623094990849495
SCons	0.026229996234178543
SAML	0.026221660897135735
QN	0.02616848237812519
PRESENTATIONNS	0.026136893779039383
POSIXShell	0.025969533249735832
PFNGLGET	0.025863895192742348
Qgs	0.02580276131629944
QtWidgets	0.02580236829817295
QName	0.02579798549413681
Qos	0.025776783004403114
Purchase	0.025730978697538376
PyQt	0.02564902789890766
QuerysetEqual	0.02563285268843174
OUTUBE	0.025602852925658226
LibraryDirectories	0.025568561628460884
PFNGLVERTEX	0.02555961348116398
QueueItem	0.0255466066300869
ROC	0.02553205005824566
Os	0.025523483753204346
RequestMsg	0.025513652712106705
QWidget	0.025505857542157173
MainWindow	0.02549620158970356
Resource	0.025430331006646156
Painter	0.025424553081393242
ROKE	0.025413233786821365
ListItem	0.025404803454875946
QS	0.025394830852746964
Lists	0.025389084592461586
Pants	0.025350259616971016
POGOProtos	0.02531570754945278
MulticastRoute	0.025288715958595276
Latest	0.025255603715777397
Mean	0.025227390229701996
Raster	0.025205835700035095
LibvirtConfig	0.02517235465347767
ReverseMatch	0.025141486898064613
Printer	0.025131186470389366
SENSOR	0.025117693468928337
MPI	0.02511182241141796
MEAN	0.025088125839829445
Notifications	0.02508089318871498
QDialog	0.025065027177333832
ParetoRandomVariable	0.025053074583411217
Peek	0.025040043517947197
RESOURCE	0.025032516568899155
Project	0.025030946359038353
MERCHANTABILITY	0.025021307170391083
RPM	0.02501409314572811
LineEdit	0.024997340515255928
NAN	0.024975348263978958
LCD	0.02497170865535736
ORS	0.024958675727248192
Metrics	0.024924390017986298
RENDER	0.024913223460316658
NameState	0.024906737729907036
Pickle	0.024862753227353096
Manifest	0.02483861707150936
Paths	0.02481808140873909
PYTHONPATH	0.02475242130458355
Mozilla	0.02475155144929886
Ping	0.02469061128795147
SCREEN	0.0246869046241045
Renderer	0.0246751606464386
Path	0.024671077728271484
Recent	0.024660632014274597
Listing	0.02460780180990696
Oo	0.02459101565182209
OutputStream	0.02458718791604042
PrecompiledHeader	0.024575963616371155
RNN	0.02457473613321781
Restaurant	0.024549022316932678
Pi	0.024536315351724625
Node	0.024528300389647484
Policies	0.024508409202098846
Om	0.024502437561750412
ReadFile	0.0245004091411829
PreprocessorDefinitions	0.024472009390592575
QP	0.024449490010738373
Pip	0.02444811910390854
Nan	0.02443397231400013
OAuth	0.024420764297246933
SED	0.0244059506803751
Metric	0.02440013363957405
RelativePath	0.024381933733820915
OS	0.02437104657292366
Production	0.02436591498553753
QMessageBox	0.024344323202967644
MANIFEST	0.024336904287338257
Requests	0.02430081181228161
Nova	0.024291403591632843
QGIS	0.024270478636026382
Pareto	0.02426975779235363
Pen	0.02426343970000744
NetworkGateway	0.02426040917634964
Pick	0.024252692237496376
PublicKey	0.024250449612736702
Q	0.024246329441666603
Red	0.024242477491497993
QE	0.02424233965575695
REPORT	0.02422148548066616
Resources	0.024195043370127678
Rsp	0.024193175137043
Policy	0.024187030270695686
Privilege	0.024161534383893013
Monitor	0.024157600477337837
QObject	0.024107441306114197
Realtime	0.024103203788399696
OpenKey	0.024076320230960846
Paged	0.02405329793691635
OutputStreamWrapper	0.02404058538377285
POP	0.024033941328525543
LogFile	0.024012956768274307
RESPONSE	0.024001620709896088
Principal	0.023983491584658623
RGBA	0.023968812078237534
MPLATE	0.023964863270521164
Landroid	0.02396230399608612
Observer	0.023942764848470688
PROJECT	0.02393798716366291
Price	0.02393420599400997
Objective	0.023923104628920555
ND	0.02391580305993557
Projects	0.023886116221547127
REEN	0.02388075925409794


\\\"	0.0709858313202858
\\"	0.044682882726192474
\\"\"	0.04184019938111305
SVG	0.04157829284667969
\\\\	0.038622740656137466
Xml	0.03719675913453102
\\.	0.03697932884097099
\\	0.036039140075445175
XML	0.03467439487576485
\'	0.03419455513358116
XMLSchema	0.032283708453178406
Xcode	0.031934238970279694
StringProperty	0.03148096799850464
TensorFlow	0.031353987753391266
Tensor	0.030909288674592972
Spark	0.030495747923851013
Wkt	0.03045150823891163
YAML	0.03029484488070011
SymbolLayer	0.03016895055770874
STYLENS	0.02985191158950329
StringList	0.02971470169723034
SVGNS	0.029714049771428108
Sgit	0.02937878482043743
Scene	0.029044341295957565
TriangularRandomVariable	0.029042772948741913
SimulatorImpl	0.028954774141311646
SLASH	0.028914712369441986
XPath	0.028894366696476936
TreeView	0.028642458841204643
Sprite	0.02851356938481331
WidgetItem	0.02831823192536831
Xdmf	0.02828475646674633
Wdg	0.028280101716518402
_\"	0.0281696654856205
StartTag	0.02796216681599617
SocketIpTtlTag	0.027806799858808517
VCLinkerTool	0.02778029441833496
SetDontFragment	0.02768350951373577
XD	0.02756172977387905
Viz	0.027418814599514008
Spreadsheet	0.027394436299800873
]\"	0.027348456904292107
ZipfRandomVariable	0.027273161336779594
__(\"	0.027269115671515465
Shader	0.02695976197719574
SSH	0.02687753178179264
SecurityGroup	0.026833605021238327
`'	0.026796111837029457
Soft	0.0267683956772089
Twitter	0.026693234220147133
Visual	0.026657193899154663
TBinaryProtocolAccelerated	0.02653498575091362
TagName	0.026498954743146896
ToolAppend	0.02646162547171116
TreeNode	0.026449812576174736
String	0.02643968164920807
[[	0.026312775909900665
TextNode	0.02628188021481037
StaticText	0.026207787916064262
SKIN	0.026198355481028557
][\"	0.02608148753643036
[('	0.026049776002764702
TestResult	0.026032468304038048
SerializeToString	0.02598605304956436
SequentialRandomVariable	0.02583373337984085
XMLRPC	0.025812780484557152
Tenant	0.025811942294239998
SchemaMigration	0.025729596614837646
TemplateResponse	0.025689342990517616
SelectMultiple	0.025686105713248253
Screen	0.025674181059002876
SVN	0.025624394416809082
\.	0.02555491402745247
Wall	0.025518933311104774
Stroke	0.025506481528282166
Shell	0.02541678585112095
_(\"	0.025381319224834442
TestModel	0.025370871648192406
SVM	0.02537078969180584
Vertex	0.025347623974084854
SNMP	0.02533513866364956
VectorLayer	0.02532845176756382
Theme	0.025249699130654335
ZipFile	0.025236528366804123
SparseTensor	0.025229131802916527
Widget	0.025227762758731842
[\"	0.025224868208169937
VirtualMachine	0.02522457391023636
[\"__	0.025202477350831032
XmlElement	0.025182215496897697
addAction	0.02517055720090866
['{%	0.025145359337329865
WSGI	0.025119958445429802
SetInputConnection	0.02509496733546257
adb	0.025075001642107964
TextInput	0.025071345269680023
ViewMiddleware	0.02504752203822136
\\":	0.025017298758029938
Views	0.02499672956764698
Sid	0.024996060878038406
VectorData	0.0249642301350832
Serialized	0.024930985644459724
[@	0.024897858500480652
TXT	0.02489599399268627
Summary	0.02488257735967636
SHOT	0.024874478578567505
Vec	0.024866539984941483
ZetaRandomVariable	0.024804996326565742
\\\	0.02479572966694832
TSecurity	0.024774184450507164
Scores	0.024757450446486473
\/	0.024721240624785423
Viewer	0.024711180478334427
Sphere	0.024625051766633987
View	0.02461344748735428
UnicodeUTF	0.024602605029940605
ViewSet	0.02455933205783367
Sensor	0.024555688723921776
],\"	0.02453920803964138
YouTube	0.024533046409487724
TTG	0.024504199624061584
VERTEX	0.02448199689388275
TimeSeries	0.024481255561113358
Vpc	0.024477263912558556
__\":	0.024449676275253296
SUM	0.024449218064546585
Selenium	0.02444780059158802
SOLE	0.024436451494693756
Sdk	0.024418441578745842
SocketIpv	0.02440003864467144
Watch	0.02438296377658844
Strings	0.024367887526750565
STATIC	0.024315277114510536
VIEW	0.024307381361722946
TESTS	0.024298163130879402
TagList	0.024225516244769096
Sum	0.024204062297940254
Show	0.024202529340982437
VM	0.024181315675377846
SHOW	0.02417615056037903
UserProfile	0.02416900359094143
True	0.024165097624063492
[^\"]	0.024161431938409805
]=='	0.02414575032889843
Texture	0.024122631177306175
ToString	0.024115104228258133
Stack	0.024086913093924522
Scalar	0.0240627471357584
Tcl	0.024053819477558136
WifiManager	0.02405213937163353
TensorArray	0.024041324853897095
TestOne	0.02403043583035469
STRING	0.02398122102022171
Tap	0.0239560529589653
Simulation	0.023942582309246063
Tensors	0.023931602016091347
Tcp	0.023929622024297714
Series	0.023921756073832512
Virt	0.023916421458125114
THOST	0.023914290592074394
Shape	0.02390229143202305
Vm	0.023895012214779854
SocketIp	0.023889239877462387
Toolbar	0.023875292390584946


gdata	0.037446219474077225
geojson	0.03396788612008095
hadoop	0.03231816366314888
dot	0.030627001076936722
favorite	0.030577216297388077
etag	0.029685474932193756
ginx	0.02950926125049591
getPage	0.02946682646870613
gdal	0.02940995804965496
hdfs	0.02902313321828842
dae	0.02885310910642147
gpu	0.028696825727820396
exportLiteral	0.028586313128471375
google	0.028505660593509674
gcc	0.02834216319024563
goog	0.02831270359456539
getElementsByTagName	0.028105568140745163
desktop	0.028057314455509186
example	0.02775864116847515
dashboards	0.027559777721762657
escaped	0.027452895417809486
dvd	0.027379853650927544
documentElement	0.0273277685046196
firstChild	0.027286428958177567
getControl	0.027028663083910942
etree	0.02701493352651596
glGet	0.026943761855363846
graphs	0.026912912726402283
favicon	0.026900265365839005
dsdv	0.026781197637319565
graph	0.026766307651996613
glade	0.026583675295114517
getUser	0.026569070294499397
dumps	0.026459159329533577
getCurrent	0.026449987664818764
getAttribute	0.02643168531358242
gradients	0.026273714378476143
demo	0.026259636506438255
googleapis	0.02625001221895218
golden	0.02618595026433468
gcp	0.02616923488676548
elasticsearch	0.026154547929763794
cuda	0.02612997591495514
gcs	0.02606944553554058
gyp	0.026055973023176193
ensors	0.026000844314694405
currentToken	0.02599375881254673
egress	0.025914739817380905
defineDict	0.025908401235938072
dashboard	0.025900833308696747
escaping	0.02584410086274147
curves	0.025841664522886276
curses	0.02580905705690384
foreg	0.02580755576491356
flatpage	0.0257883258163929
googlecode	0.025777889415621758
filePath	0.025770235806703568
grep	0.025752270594239235
daily	0.02574547939002514
deredDict	0.02571447379887104
dings	0.02569841407239437
dag	0.025698192417621613
epg	0.025682536885142326
dags	0.02566242404282093
dfs	0.025657756254076958
dian	0.025654135271906853
grave	0.02561320923268795
gles	0.02559525892138481
enkins	0.025591520592570305
dav	0.02544669434428215
dense	0.02541521191596985
floatingip	0.025409361347556114
graphic	0.025356894358992577
cxx	0.025350341573357582
georss	0.02534940280020237
curl	0.025341687723994255
gif	0.02533138357102871
gce	0.02527574449777603
hara	0.025274885818362236
gds	0.02523132972419262
etcd	0.02515515871345997
dynamodb	0.025128191336989403
dnn	0.025119157508015633
fromUtf	0.025112366303801537
hashlib	0.0250571146607399
eps	0.025043603032827377
dataframe	0.02504144422709942
gmail	0.025014718994498253
expense	0.025002244859933853
exploration	0.024999134242534637
graphics	0.02498287707567215
django	0.02493869885802269
dark	0.024882102385163307
environ	0.02487054280936718
gtest	0.02483801171183586
enchmark	0.024833042174577713
getValue	0.024782702326774597
grads	0.024753477424383163
dentials	0.024685846641659737
djangoproject	0.024664048105478287
getData	0.02465974912047386
firewall	0.024647319689393044
environments	0.024609658867120743
getProperty	0.02460460178554058
gest	0.024591295048594475
fanart	0.024578804150223732
gradient	0.024552851915359497
dfa	0.024532176554203033
expanduser	0.02453036420047283
glance	0.0244914460927248
healthcheck	0.024479461833834648
excel	0.02446858398616314
gethostname	0.02445942722260952
fox	0.02445616014301777
docutils	0.024454645812511444
enticated	0.0244302861392498
getheader	0.024395717307925224
folders	0.024354327470064163
gamma	0.024340419098734856
getSetting	0.024318471550941467
gettempdir	0.024314450100064278
gtk	0.02430296316742897
gpus	0.02430129051208496
getresponse	0.024297231808304787
getElementById	0.02428162842988968
gold	0.024277210235595703
examples	0.024262959137558937
getElement	0.02422497794032097
dash	0.02422395721077919
gzip	0.0242101289331913
gml	0.0242096409201622
document	0.024204593151807785
deployment	0.02415914461016655
dropbox	0.024146920070052147
ftp	0.02413272112607956
getConfig	0.024132011458277702
glVertex	0.024107130244374275
flask	0.024101071059703827
dens	0.024065697565674782
fileName	0.024056073278188705


kml	0.039576079696416855
jquery	0.03554300218820572
javascript	0.03232567384839058
minidom	0.03214587643742561
msbuild	0.030256276950240135
mako	0.030230898410081863
kubernetes	0.029874097555875778
mathml	0.029807014390826225
kube	0.029067471623420715
latex	0.02863481268286705
json	0.028467373922467232
jang	0.028204817324876785
matplotlib	0.028092915192246437
ixVector	0.02790197916328907
mqtt	0.027820289134979248
keystone	0.02765856310725212
hostvars	0.02735593542456627
nagios	0.027251506224274635
html	0.027233967557549477
keras	0.02719953842461109
java	0.027177514508366585
icons	0.026998253539204597
js	0.026789208874106407
kubeconfig	0.02675648406147957
huawei	0.026711462065577507
lored	0.026711303740739822
istograms	0.026620853692293167
jinja	0.026583436876535416
kvm	0.02648497186601162
momi	0.026434890925884247
menu	0.02641875296831131
iptables	0.026343941688537598
icon	0.026090675964951515
ktop	0.026009894907474518
msrest	0.025997215881943703
httpd	0.02594608999788761
lineEdit	0.025942029431462288
msvs	0.025765160098671913
logits	0.025678055360913277
menus	0.025660661980509758
logies	0.025652209296822548
istogram	0.02556840144097805
moid	0.025473784655332565
iddleware	0.025459585711359978
lerts	0.025459295138716698
logistic	0.025400780141353607
mazon	0.025358205661177635
hot	0.025326840579509735
jango	0.025158492848277092
jarati	0.025098644196987152
isual	0.025016525760293007
inesis	0.025007374584674835
logfilepath	0.024978863075375557
hou	0.024956760928034782
jsonrpc	0.024940617382526398
imshow	0.02487560361623764
inese	0.0248261746019125
lcd	0.0248167235404253
mpaign	0.02480413019657135
mainWindow	0.02474321611225605
jvm	0.02466375008225441
lfetch	0.02465900406241417
jom	0.024645661935210228
ivy	0.024628089740872383
lenium	0.024586861953139305
jenkins	0.02453589253127575
ingress	0.024526391178369522
ipython	0.02451249770820141
menian	0.024482345208525658
movies	0.02448168769478798
keyval	0.024432871490716934
hostFtdc	0.024414824321866035
movie	0.024398522451519966
jax	0.024379020556807518
hive	0.024356745183467865
kmi	0.02424084208905697
mobileTemplate	0.02423008531332016
ifndef	0.024211661890149117

quot	0.04598081856966019
nginx	0.03971189260482788
osg	0.036166712641716
png	0.032960277050733566
nuplot	0.032381705939769745
oozie	0.03193511441349983
quotes	0.031406912952661514
rdf	0.030632203444838524
posixpath	0.03061768226325512
ninja	0.03026159107685089
neutron	0.02926834300160408
quantum	0.02891775593161583
netconf	0.028638705611228943
pyspark	0.02845264971256256
quoted	0.028152303770184517
opengl	0.027971234172582626
resourceGroupName	0.02795138955116272
resourceGroups	0.027887385338544846
ploration	0.027819134294986725
openshift	0.027578182518482208
oms	0.027535539120435715
ray	0.027504514902830124
potato	0.027472766116261482
ows	0.027463456615805626
popup	0.027429834008216858
pod	0.02725590206682682
ogc	0.027226027101278305
qemu	0.02696836180984974
qgis	0.02681824192404747
okies	0.026734350249171257
plot	0.026680488139390945
pygame	0.026628099381923676
presentation	0.026592139154672623
predictions	0.02657044120132923
netscaler	0.026361698284745216
nup	0.02633700706064701
ollar	0.02619250863790512
nodeacl	0.026184551417827606
rdd	0.026130011305212975
nsors	0.026126474142074585
rgba	0.026098519563674927
qweb	0.026092151179909706
polate	0.0260848980396986
quote	0.025967953726649284
parseString	0.025878500193357468
neuron	0.02586529217660427
nsor	0.02584952302277088
plots	0.025812240317463875
rays	0.025805145502090454
numpy	0.025777027010917664
pidfile	0.02573748305439949
reds	0.025726601481437683
quest	0.025699403136968613
responses	0.02569388411939144
oolean	0.025666983798146248
rated	0.025645257905125618
pants	0.02562844567000866
qd	0.025587262585759163
php	0.025580348446965218
prices	0.02555922046303749
parseDOM	0.025430142879486084
plt	0.02539975941181183
pylab	0.02535981498658657
qt	0.02534986473619938
opacity	0.025334352627396584
quotation	0.025333641096949577
ots	0.025279728695750237
readString	0.025273658335208893
paypal	0.025267794728279114
payslip	0.025219516828656197
ose	0.025206755846738815
nans	0.025167841464281082
ometries	0.025149285793304443
openstack	0.025141946971416473
pigs	0.025127997621893883
orange	0.025111202150583267
nova	0.02503669634461403
plist	0.025031639263033867
protoc	0.025018835440278053
red	0.025001628324389458
plotlib	0.024988504126667976
nodeValue	0.02496725507080555
pandas	0.024949992075562477
render	0.02492601051926613
reward	0.024914689362049103
osm	0.024910379201173782
reports	0.024885673075914383
ometry	0.024884480983018875
ogg	0.024880047887563705
resource	0.024853387847542763
projects	0.02485206350684166
observation	0.024833599105477333
requests	0.024825870990753174
rencode	0.02480373904109001
objc	0.02476593479514122
nav	0.024748876690864563
pig	0.0247237216681242
percentile	0.02471775747835636
pushButton	0.024652542546391487
plays	0.024649418890476227
rendered	0.024632222950458527
rhog	0.024612342938780785
rescue	0.024600034579634666
rial	0.02454211376607418
pyqt	0.024494022130966187
parency	0.024468040093779564
quickstart	0.024455441161990166
olden	0.024442361667752266
oauth	0.0244186669588089
preadsheet	0.024404747411608696
probabilities	0.024399077519774437
picture	0.0243685245513916
presenter	0.024365385994315147
ospf	0.024363361299037933
netrc	0.02432462014257908
quantile	0.024316590279340744
ovs	0.024312706664204597
raster	0.024287279695272446
rdclass	0.024271473288536072
pubsub	0.024269700050354004
raph	0.02425317093729973
osgAnimation	0.024220306426286697
redis	0.024205254390835762
ocks	0.024204948917031288
rawtransaction	0.024201327934861183
perl	0.024195674806833267
og	0.02417730912566185
predicted	0.024160439148545265
ovirt	0.024151109158992767
prites	0.024116436019539833
opensearch	0.024083759635686874
ncurses	0.024081315845251083
pyplot	0.024051325395703316
renderer	0.024032747372984886
rab	0.024026958271861076
pdf	0.024010419845581055


svg	0.04381583258509636
tensorflow	0.0337369479238987
soap	0.031292133033275604
tanh	0.031087975949048996
sigmoid	0.030739732086658478
sympy	0.030433213338255882
tensor	0.030110949650406837
ubectl	0.030020959675312042
softmax	0.029877377673983574
turtle	0.02963733859360218
rod	0.029585789889097214
saml	0.029501182958483696
twitter	0.029167046770453453
slashes	0.028965098783373833
rss	0.028602782636880875
swagger	0.028355613350868225
spreadsheet	0.028197381645441055
shader	0.02802034094929695
sidebars	0.02800498902797699
slash	0.02794654667377472
soqt	0.02784552425146103
spark	0.027827614918351173
tweet	0.027714820578694344
tokdict	0.027705350890755653
screenshot	0.027670128270983696
tvdb	0.027622705325484276
sed	0.027613649144768715
svn	0.027516737580299377
robots	0.02749795839190483
stylesheet	0.02742522954940796
sddl	0.027388760820031166
scene	0.02719334326684475
ros	0.027191536501049995
sprite	0.02716461382806301
sitemap	0.027063289657235146
testapp	0.027008721604943275
sphinx	0.02698662504553795
ssh	0.026968251913785934
tensors	0.02691863290965557
tsv	0.02690538391470909
solr	0.026852624490857124
treeview	0.02677556872367859
ubernetes	0.02661486715078354
solink	0.026538873091340065
skin	0.026493465527892113
sessionUuid	0.026478728279471397
sftp	0.026402262970805168
tacacs	0.026361675933003426
setIcon	0.02610410749912262
stroke	0.02601439133286476
serif	0.025962460786104202
umenta	0.02591085433959961
theus	0.025867298245429993
sick	0.02584533952176571
typants	0.025810686871409416
sinh	0.02579578198492527
selinux	0.02579539082944393
sprites	0.025750553235411644
sisted	0.025749551132321358
setWindowTitle	0.025681059807538986
scatter	0.02556270733475685
spar	0.02554573118686676
rog	0.02544625662267208
tower	0.025442462414503098
trakt	0.02542887069284916
selenium	0.025423498824238777
tqm	0.02535325102508068
robotsim	0.025328433141112328
themes	0.02526887319982052
uml	0.025222111493349075
theme	0.025214074179530144
spent	0.02520989254117012
sidebar	0.025205766782164574
sqs	0.025127660483121872
snmp	0.025127116590738297
smartypants	0.025099119171500206
summaries	0.02503003366291523
snake	0.025028735399246216
umpy	0.025019746273756027
spring	0.025013217702507973
sens	0.02494002692401409
sax	0.02489697001874447
staurant	0.024893587455153465
scrapy	0.024874310940504074
ruby	0.024830320850014687
shows	0.024817589670419693
softirq	0.024813411757349968
testserver	0.024777261540293694
scp	0.02469753473997116
theses	0.024680769070982933
runpytest	0.024678243324160576
uest	0.024651532992720604
rown	0.024637343361973763
telnet	0.02460867166519165
tivities	0.024593781679868698
swift	0.024586506187915802
setProperty	0.024563174694776535
spot	0.02455264702439308
shopping	0.024551749229431152
shortcuts	0.02452913299202919
sensor	0.02451762929558754
uix	0.024501236155629158
rob	0.024497834965586662
udaNdarray	0.024483172222971916
svm	0.024406153708696365
spline	0.024366900324821472
safestring	0.024345267564058304
sTest	0.024279875680804253
rython	0.024277398362755775
silon	0.024271707981824875
scriptData	0.024241439998149872
snippets	0.02423926442861557
ryPy	0.0242116991430521
sphere	0.024210717529058456
tenant	0.024205127730965614
terminals	0.024198360741138458
scape	0.024195335805416107
toString	0.02418292500078678
todense	0.02417733706533909
tornado	0.024164816364645958
screen	0.0241622943431139
string	0.024147910997271538
tan	0.02411705255508423
statistic	0.024115441367030144
scenario	0.024089625105261803
templar	0.024082355201244354
startTag	0.02408052422106266
scons	0.02407154068350792
static	0.02406374365091324
troop	0.024040140211582184
spike	0.02402912825345993
robot	0.0240074023604393
trality	0.024007271975278854
tkinter	0.024005506187677383
ualenv	0.023960916325449944
sage	0.023907171562314034
testdata	0.023886246606707573
route	0.0238848514854908
snat	0.0238635316491127
tac	0.023854581639170647
rock	0.02384563907980919
sdl	0.02384483814239502
setAttribute	0.02384260855615139
sln	0.023842236027121544
roy	0.023803170770406723
serialized	0.023769699037075043


\"\\"	0.0720590353012085
 \"'\"	0.06571057438850403
 \"''	0.05379332974553108
 \"\\	0.05231790617108345
 \"$(	0.0493994764983654
 \"['	0.04686083644628525
 \"[\"	0.044454969465732574
 \"('	0.04234207794070244
 \".	0.03964953497052193
 \"([^\"]	0.03951546549797058
 \"'	0.039357174187898636
 \"{{	0.03868464380502701
 \"/\":	0.03839718922972679
xcodeproj	0.0375504195690155
vtk	0.0374334342777729
}}\"	0.036779891699552536
 \"*\"	0.03652408346533775
 \";\"	0.03650817647576332
 \"&	0.03646881505846977
 \"/\"	0.03622853010892868
 \"../	0.03611303120851517
 \"\"))	0.036093227565288544
 \";	0.035920318216085434
 \"//	0.03591359034180641
 \"(\"	0.03511573001742363
xml	0.03501315042376518
 \",\"	0.03483344241976738
 \"</	0.03430632874369621
 \"/	0.03379538282752037
 \"&#	0.03378336876630783
 \"))	0.033584389835596085
{\\	0.03357737138867378
 \",\".	0.03295278549194336
xbmc	0.032856285572052
 \"\"	0.03279490768909454
 \"[	0.03264405205845833
|\\	0.032293666154146194
 \"(('	0.03223767504096031
 \".\"	0.03214282914996147
 \">\"	0.03212354704737663
 \"(	0.03205127641558647
 \"#	0.0318710058927536
 \"\":	0.03184117004275322
 \")	0.031534623354673386
 \"]	0.0315113291144371
xsl	0.03133628889918327
 \"\")	0.031276311725378036
 \"{\	0.031095147132873535
urtle	0.03097529150545597
 \"<	0.03063078783452511
urlencode	0.030517369508743286
|\"	0.030374377965927124
 #\"	0.03030005469918251
vatar	0.03005053848028183
}\\	0.02992866560816765
 \"-	0.02991418167948723
 \"?\"	0.02980009838938713
xlink	0.029436513781547546
 \",	0.02935992181301117
 \"-//	0.029293056577444077
 \"->\"	0.02919088304042816
vnc	0.029190273955464363
 \";\	0.02894287183880806
vim	0.028749078512191772
 \"=\"	0.02855907380580902
 \"),	0.028551116585731506
 \"}\	0.02851252071559429
 \"^	0.02835024893283844
xhtml	0.02834240533411503
 \"..	0.02828240394592285
 \":	0.02819698676466942
 \"\"),	0.02814287319779396
weets	0.02803032286465168
wms	0.028015686199069023
xsd	0.027903461828827858
visual	0.027758963406085968
webapp	0.027756378054618835
yaml	0.027575867250561714
 \")\"	0.027501467615365982
webob	0.027451252564787865
xterm	0.02727160044014454
vmdk	0.0271922517567873
xpath	0.02710612490773201
viz	0.02709352783858776
 \"${	0.027076277881860733
}\"	0.026968946680426598
 \"\".	0.026919331401586533
winreg	0.02688504382967949
 \"@	0.026874173432588577
winrm	0.02678326703608036
 \"+	0.026722708716988564
vmware	0.02670365758240223
 \"%.	0.02655138075351715
 \"--	0.026530224829912186
weet	0.026485441252589226
|'	0.02647479623556137
 \"$	0.02639888972043991
virtualenv	0.026328109204769135
vicon	0.025944044813513756
wall	0.02594156190752983
ynamoDB	0.02589890919625759
webm	0.025845259428024292
worksheet	0.025726230815052986
 \"./	0.025644002482295036
yellow	0.025582993403077126
 \"''\",	0.025569869205355644
ussian	0.025564610958099365
 \"`	0.025445377454161644
youtube	0.025423020124435425
webserver	0.0253837201744318
wsdl	0.025369541719555855
 \"{	0.025347881019115448
yum	0.025345074012875557
ynomial	0.025313979014754295
 \"*	0.025265105068683624
 \"\	0.025258975103497505
webdriver	0.02521330676972866
 \"\"):	0.0251444261521101
weather	0.025134224444627762
xcode	0.025097189471125603
urlpatterns	0.02508024126291275
vpc	0.025002503767609596
{\"	0.02494552545249462
unquote	0.024916229769587517
www	0.024908265098929405
vgg	0.024799516424536705
vertex	0.024730339646339417
workbook	0.02467036247253418
vdom	0.024654408916831017
widget	0.02461596578359604
views	0.024584846571087837
viewport	0.024509388953447342
vmops	0.024503154680132866
 \"~	0.02448298968374729
wkt	0.02445761114358902
 \"):	0.02443929761648178
 \"__	0.024388544261455536
xd	0.024383513256907463
view	0.0243022870272398
vms	0.024301346391439438
	0.024264946579933167
 \"::	0.02426159381866455
venio	0.024236446246504784
vanced	0.024236300960183144
wsgi	0.02418750338256359
valuation	0.024151545017957687
vswitch	0.024150077253580093
yml	0.02413996495306492
urse	0.0240870863199234
yahoo	0.024073952808976173
ython	0.023996658623218536
yacc	0.023988528177142143
utions	0.02398669347167015
vm	0.023939266800880432
vserver	0.023911768570542336
urses	0.02390814758837223
zure	0.02389610931277275
 \"\",	0.023878242820501328
waf	0.023850027471780777
wered	0.023802626878023148
vestor	0.023779910057783127
watch	0.023770533502101898
zipfile	0.023767268285155296
urlconf	0.023737700656056404
wind	0.023653846234083176
xdf	0.023645779117941856
 \"};\	0.023593155667185783
urement	0.023572349920868874
verticalLayout	0.023571714758872986
urlresolvers	0.023570386692881584
wag	0.023553315550088882
xattr	0.023552365601062775
viewer	0.023546665906906128
ynamo	0.023533876985311508
 \"_	0.023510608822107315
venv	0.023499686270952225
vnic	0.02348298206925392
ustomer	0.02345685474574566
xmlns	0.023440783843398094
undles	0.023414647206664085


'\"'	0.059449389576911926
 '\"	0.057847760617733
 '{\"	0.05726143345236778
 '$(	0.052215419709682465
 '\\	0.04669233784079552
 '\"':	0.04560118913650513
 '\"',	0.04515736550092697
 '\'	0.041741762310266495
 AMPERSAND	0.04117390513420105
 %}'	0.03780294582247734
 '\\\\	0.03734752535820007
 ('.	0.035304080694913864
 '\"%	0.03517847880721092
 (['	0.03385017812252045
 %}	0.033213090151548386
 '\\'	0.03274836763739586
 $(	0.03262953832745552
 DOT	0.032300129532814026
 />'	0.03228084370493889
 '.	0.03167637437582016
 %}{{	0.03156862407922745
 '#	0.03137734532356262
 *\"	0.0309788566082716
 ([('	0.030724970623850822
 HEBREW	0.030697351321578026
 '(	0.030463559553027153
 HttpResponseRedirect	0.030386431142687798
 #\"	0.03030005469918251
 (\"-	0.030185561627149582
 '$'	0.03007354401051998
 '[	0.03003544546663761
 DIRAC	0.02991807647049427
 '$\\	0.029648812487721443
 Html	0.029646635055541992
 '@	0.029584068804979324
 '{{	0.029433302581310272
 '//	0.02926483191549778
 ((\"	0.029139501973986626
 34	0.02895016223192215
 '<'	0.02894415892660618
 '/	0.028784269466996193
 DOLLAR	0.02858630195260048
 ('[	0.028426088392734528
 HTML	0.028319474309682846
 EXCLAMATION	0.028293630108237267
 ('#	0.02828977257013321
 Example	0.028284771367907524
 CGI	0.028229566290974617
 66	0.02814784273505211
 301	0.028086654841899872
 133	0.028049089014530182
 189	0.028009651228785515
 '=	0.027952084317803383
 CSV	0.02787269838154316
 CSS	0.027739159762859344
 FileSystem	0.02773304656147957
 '-	0.02772730216383934
 APOST	0.027722561731934547
 :\"	0.02765113301575184
 ';	0.02762608975172043
 '&'	0.02749272622168064
 Azure	0.02747809886932373
 '!'	0.02744082733988762
 '*.	0.02739831991493702
 ('/	0.02732285112142563
 Cookie	0.02730562910437584
 ('(	0.027275700122117996
 Folder	0.02721429616212845
 '<	0.027199072763323784
 '['	0.027187442407011986
 IAM	0.027149232104420662
 CPP	0.027140242978930473
 99	0.02711782604455948
 Affero	0.027103355154395103
 Gradient	0.02708631567656994
 $@	0.027016105130314827
 AWS	0.026927649974822998
 129	0.026889922097325325
 401	0.026880495250225067
 <!--	0.02687676250934601
 FreeCAD	0.026843106374144554
 Chart	0.026823004707694054
 CEDILLA	0.026794174686074257
 '</	0.02679387480020523
 FIVE	0.026717742905020714
 ','.	0.026701586320996284
 '{'	0.026684017851948738
 190	0.02662094682455063
 =\",	0.02661111019551754
 ConfigParser	0.026582952588796616
 204	0.026541801169514656
 Google	0.026534803211688995
 GCP	0.026484878733754158
 200	0.026463331654667854
 300	0.026446077972650528
 Android	0.026438914239406586
 FilePath	0.02642608992755413
 ({'	0.02640153281390667
 ElementTree	0.0263691283762455
 33	0.026313643902540207
 '/')	0.02630636654794216
 ASTER	0.026301128789782524
 65	0.026222113519906998
 Demo	0.02613922394812107
 Hebrew	0.026119576767086983
 DOL	0.026082314550876617
 %}\",	0.02606217935681343
 HTMLParser	0.026033425703644753
 #'	0.025999171659350395
 HttpResponse	0.025996418669819832
 Anonymous	0.025982888415455818
 '/':	0.025962315499782562
 EXEMPLARY	0.025945335626602173
 Cost	0.025869615375995636
 Avi	0.02585548907518387
 Graph	0.025852063670754433
 GPU	0.025792909786105156
 Http	0.02573033794760704
 210	0.025695472955703735
 '{\\	0.025680705904960632
 (\"\	0.025653406977653503
 BLUE	0.025647880509495735
 >>>	0.025623340159654617
 Files	0.025601794943213463
 '&	0.025555714964866638
 DAG	0.025528471916913986
 ([	0.02548801526427269
 Examples	0.02547984942793846
 ('-	0.025469157844781876
 ','	0.025446997955441475
 FITNESS	0.02542652189731598
 59	0.025380894541740417
 '..	0.025352636352181435
 (('	0.02532295510172844
 Color	0.025319702923297882
 Console	0.025304360315203667
 Fbx	0.02529866062104702
 CPU	0.025279013440012932
 (\"	0.02527770772576332
 GTEST	0.02527555264532566
 File	0.025271624326705933
 Apache	0.025267567485570908
 Gyp	0.02525821328163147
 '$	0.02525022253394127
 95	0.02523551508784294
 '('	0.02520732767879963
 FAKE	0.025165855884552002
 ,'	0.025141272693872452
 105	0.02511960081756115
 '/'	0.02505733259022236
 Flask	0.025028424337506294
 GRAVE	0.02498476579785347
 %}',	0.024932323023676872
 ExtendedContext	0.02492661215364933
 Game	0.02492307312786579
 58	0.024914607405662537
 '}	0.02490338310599327
 Evaluate	0.02489488385617733
 Alexa	0.02489047311246395
 202	0.02487052232027054
 HTTPResponse	0.02484588511288166
 />\	0.024832630529999733
 98	0.02482176013290882
 GET	0.024815542623400688
 '))	0.024814028292894363
 DateTime	0.02476838231086731
 BeautifulSoup	0.0247499980032444
 Green	0.024743419140577316
 Amazon	0.024739237502217293
 Firefox	0.02473437413573265
 299	0.024728933349251747
 139	0.024726571515202522
 Eval	0.024721885100007057
 110	0.024720389395952225
 FTP	0.02468600682914257
 '../	0.024664849042892456

 \\"\"	0.05167904868721962
  ``\"	0.05006520822644234
  [[\"	0.04983068257570267
  \\"	0.04389316588640213
  SVG	0.0421682745218277
  [{\"	0.038159165531396866
  ``\'	0.03639429807662964
  \\	0.036243271082639694
  `\"	0.035718709230422974
  Xml	0.0351126529276371
  [['	0.03500449284911156
  PBXFileReference	0.03412134200334549
  Xcode	0.033608172088861465
  [\"<	0.03344592824578285
  [[-	0.03333881497383118
  [[[	0.0322103425860405
  [\"-	0.03193524107336998
  Javascript	0.03180313855409622
  PNG	0.03176236152648926
  Json	0.031724996864795685
  \\\	0.03156441077589989
  Quote	0.03137337788939476
  \'	0.03135920315980911
  XHTML	0.03128821775317192
  MSVS	0.03127206489443779
  [[	0.031189387664198875
  OpenGL	0.031132210046052933
  PBX	0.030840272083878517
  [{'	0.030805837363004684
  JsonResponse	0.030702553689479828
  [\"	0.03050754964351654
  Plot	0.03022179938852787
  [\"--	0.030143359676003456
  Ray	0.030022401362657547
  [(\"	0.029905160889029503
  XML	0.029849443584680557
  SOAP	0.02952755242586136
  Numenta	0.029379069805145264
  Slash	0.02931361272931099
  JS	0.029311122372746468
  LaTeX	0.029264478012919426
  JSON	0.029164079576730728
  JavaScript	0.02886522188782692
  Js	0.02879757061600685
  ['<	0.028305482119321823
  ['/	0.02829158306121826
  TensorFlow	0.028268568217754364
  YAML	0.02807205356657505
  Jinja	0.027851741760969162
  QColor	0.027799319475889206
  TemplateResponse	0.02768288552761078
  TILDE	0.027581224218010902
  _(\"	0.027535455301404
  MSBuild	0.027233818545937538
  String	0.027195395901799202
  Menu	0.027116095647215843
  Turtle	0.027050958946347237
  QtGui	0.026979779824614525
  MixedContainer	0.02694625034928322
  QUOTATION	0.02681702747941017
  SmartyPants	0.026816077530384064
  RSS	0.026753190904855728
  UserRegistration	0.02674495428800583
  [('	0.02673715353012085
  Twitter	0.02661123126745224
  ['-	0.02651253528892994
  PBXBuildFile	0.02641247771680355
  PBXGroup	0.026384657248854637
  Tensor	0.02636931650340557
  Theme	0.026321057230234146
  Sensor	0.02628782019019127
  ['	0.026197556406259537
  Movie	0.02619396522641182
  VistA	0.026151610538363457
  SSH	0.025956248864531517
  ['.	0.025945771485567093
  SEVEN	0.02586544118821621
  Sick	0.02580874226987362
  Pickle	0.025803932920098305
  SCons	0.025797592476010323
  WHITE	0.025797465816140175
  LogisticRegression	0.025763001292943954
  PDF	0.025701744481921196
  MERCHANTABILITY	0.0255904421210289
  Strings	0.025490181520581245
  SHADE	0.02545049786567688
  SOLID	0.02539694681763649
  RED	0.025384575128555298
  OpenSearch	0.025358304381370544
  Qgs	0.025350606068968773
  ``'	0.02530994452536106
  Watch	0.025286661460995674
  Resources	0.02526119537651539
  Tkinter	0.025257404893636703
  TensorProduct	0.025213109329342842
  SubElement	0.025190651416778564
  PyQt	0.025185083970427513
  Pi	0.02518385276198387
  Render	0.025113387033343315
  TONOS	0.025081545114517212
  MIDDLEWARE	0.025071432814002037
  PYTHONPATH	0.025067800655961037
  QMessageBox	0.025065207853913307
  SUM	0.02505416050553322
  Shell	0.025038663297891617
  VM	0.025013392791152
  STRING	0.02499375306069851
  QGIS	0.02498459815979004
  Username	0.024973001331090927
  Visual	0.024952881038188934
  Soft	0.024949004873633385
  Project	0.02493995986878872
  SVN	0.02492368221282959
  WSGI	0.0249019768089056
  \(	0.024896293878555298
  TF	0.02486724779009819
  StringType	0.02485933154821396


  gnuplot	0.04106370359659195
  msbuild	0.03636883199214935
  osg	0.03610759228467941
  javascript	0.0326603464782238
  gdata	0.03190199285745621
  minidom	0.031346168369054794
  kubernetes	0.03055582195520401
  latex	0.030530540272593498
  json	0.030242376029491425
  logistic	0.03010651096701622
  gpu	0.029861629009246826
  jinja	0.029619161039590836
  grep	0.02946007065474987
  html	0.029345383867621422
  hostvars	0.029315385967493057
  favicon	0.02893662638962269
  googletest	0.028923040255904198
  listdir	0.028826219961047173
  keras	0.028571326285600662
  hadoop	0.028517574071884155
  menu	0.028365718200802803
  msvs	0.028270043432712555
  graphs	0.027905531227588654
  heat	0.027799533680081367
  nupic	0.027715658769011497
  onclick	0.02762661501765251
  ninja	0.027596822008490562
  gtest	0.027572965249419212
  fanart	0.0275245551019907
  jsonify	0.027422979474067688
  js	0.027354339137673378
  mako	0.027331633493304253
  orange	0.027286192402243614
  fileName	0.02724120393395424
  icon	0.027170952409505844
  gamma	0.02696019783616066
  movie	0.026959039270877838
  painter	0.026902010664343834
  google	0.026897070929408073
  java	0.026868661865592003
  grads	0.026851439848542213
  jenkins	0.026787834241986275
  namespacedef	0.026756130158901215
  matplotlib	0.02667914517223835
  folders	0.026661746203899384
  folder	0.026616191491484642
  gcc	0.02660931460559368
  outputfile	0.026578662917017937
  golden	0.02653954178094864
  nav	0.02648686245083809
  hashlib	0.02645709365606308
  menus	0.02642776444554329
  oo	0.02641586773097515
  fnmatch	0.02634711004793644
  gdal	0.02633749321103096
  gmail	0.026312949135899544
  outstring	0.02626228518784046
  logo	0.026221664622426033
  logits	0.026167292147874832
  hashed	0.0261386726051569
  hwtacacs	0.02610805816948414
  gtk	0.026105880737304688
  oauth	0.026099400594830513
  green	0.0260936189442873
  netscaler	0.026084408164024353
  neutron	0.026074711233377457
  graph	0.026043716818094254
  kv	0.026015276089310646
  jsonutils	0.026014450937509537
  grader	0.02583664283156395
  kube	0.02581615187227726
  hmac	0.025786850601434708
  httpd	0.025762813165783882
  neuron	0.025734402239322662
  nitro	0.0257191713899374
  kivy	0.025714131072163582
  getUrl	0.025659723207354546
  hot	0.025587981566786766
  guest	0.02557809092104435
  gradients	0.02547517977654934
  fakes	0.025338685140013695
  paramiko	0.02532844990491867
  getenv	0.025326883420348167
  glance	0.02531351149082184
  gsutil	0.025282898917794228
  gzip	0.02525540068745613
  gLogger	0.025247130542993546
  inventory	0.025202447548508644
  fg	0.02519628405570984
  fluid	0.02519310638308525
  gpio	0.02517133392393589
  palette	0.025137975811958313
  latest	0.025115078315138817
  pants	0.025106359273195267
  linecache	0.02508433721959591
  numpy	0.025063278153538704
  gce	0.024957483634352684
  keystone	0.02494990825653076
  files	0.024949712678790092
  gettext	0.024854708462953568
  navtrail	0.024823851883411407
  networkx	0.024813801050186157
  guessed	0.0247859675437212
  ftp	0.02474246360361576
  gate	0.024708954617381096
  file	0.024665312841534615
  filename	0.02462359331548214
  game	0.024619538336992264
  observation	0.024574898183345795
  isfile	0.02456386759877205
  memcache	0.024560129269957542
  gran	0.02454550191760063
  median	0.024523900821805
  listing	0.0245127584785223
  openstack	0.024510251358151436
  highlighting	0.024424880743026733
  observer	0.02437477558851242
  gcp	0.02436956577003002
  omega	0.024359434843063354
  gradient	0.0243290513753891
  iam	0.024326195940375328
  mocks	0.024294117465615273
  gray	0.024293648079037666
  horizon	0.024247752502560616
  graphics	0.024231068789958954
  fabric	0.02422301471233368
  mox	0.02422158606350422
  gues	0.024219514802098274
  flask	0.024200614541769028
  paint	0.024194369092583656
  imdb	0.024179283529520035
  news	0.02417808026075363
  filelist	0.024176333099603653
  logs	0.024103187024593353
  getpass	0.024100080132484436
  filepath	0.0240956898778677
  middleware	0.02407355047762394
  monitoring	0.024050800129771233
  opacity	0.024030620232224464
  gfile	0.023984115570783615
  mocked	0.02396850287914276
  gpg	0.023963281884789467
  optimizer	0.023956432938575745
  guess	0.023948175832629204
  him	0.023947684094309807
  ldflags	0.02394678071141243

  svg	0.04691176116466522
  png	0.037230074405670166
  softmax	0.035608112812042236
  xbmc	0.03446042910218239
  simplejson	0.03440125286579132
  vtk	0.0339910127222538
  sigmoid	0.03264062851667404
  xml	0.032554734498262405
  turtle	0.03244772180914879
  tensorflow	0.031633082777261734
  posixpath	0.031249642372131348
  shader	0.031076299026608467
  xbmcgui	0.030835023149847984
  rospy	0.030830400064587593
  ray	0.030575735494494438
  quotes	0.030491109937429428
  tensor	0.030198846012353897
  testGet	0.03006591647863388
  rdf	0.029829805716872215
  urlpatterns	0.029709916561841965
  sympy	0.029539037495851517
  plots	0.029484599828720093
  urlencode	0.029260283336043358
  }}\"	0.02910076268017292
  qweb	0.02905409224331379
  sprite	0.02883504144847393
  quoted	0.028789762407541275
  yaml	0.02876739576458931
  quote	0.028747204691171646
  plot	0.028726959601044655
  quot	0.028706999495625496
  }}'	0.02844127081334591
  pygame	0.0283619724214077
  sitemap	0.028354519978165627
  themes	0.028273100033402443
  scene	0.028142739087343216
  tan	0.027942046523094177
  symstack	0.027916552498936653
  tweet	0.027888761833310127
  predictions	0.027871357277035713
  saml	0.02784779667854309
  screenshot	0.027799667790532112
  red	0.0277505274862051
  pylab	0.02770087867975235
  rss	0.027657436206936836
  sickbeard	0.027591625228524208
  ssh	0.027569644153118134
  wall	0.02755114622414112
  selenium	0.027537474408745766
  xcode	0.02750929445028305
  scons	0.02741307020187378
  yellow	0.02740549109876156
  tower	0.02738744392991066
  ugettext	0.027308285236358643
  webapp	0.0272928886115551
  stroke	0.027261067181825638
  slash	0.027244918048381805
  sprites	0.027213893830776215
  twitter	0.027212651446461678
  pod	0.027207015082240105
  qgis	0.027194734662771225
  spreadsheet	0.027095245197415352
  visual	0.027075346559286118
  quotation	0.02707408182322979
  plotting	0.027029814198613167
  webob	0.027009597048163414
  tvdb	0.026958150789141655
  youtube	0.026954742148518562
  {\"	0.026922956109046936
  zipfile	0.026863545179367065
  wind	0.02685750648379326
  winreg	0.026748113334178925
  skin	0.026721805334091187
  pie	0.026676729321479797
  pidfile	0.026672860607504845
  popup	0.026670407503843307
  plt	0.026617268100380898
  summaries	0.026589589193463326
  quantile	0.026589369401335716
  tensors	0.026588931679725647
  plist	0.026578208431601524
  slashes	0.02657267078757286
  resourcePath	0.026483576744794846
  qt	0.02643507719039917
  weather	0.026429474353790283
  suds	0.026367852464318275
  spark	0.02627037838101387
  theme	0.026211878284811974
  predicted	0.026166463270783424
  sensor	0.02610212191939354
  raster	0.02609880268573761
  www	0.026075158268213272
  postbuilds	0.026066254824399948
  trakt	0.02602848969399929
  svn	0.02597840689122677
  rag	0.02592630870640278
  xpath	0.025917241349816322
  rendered	0.025898024439811707
  spline	0.025808941572904587
  sphere	0.025806378573179245
  projects	0.025642866268754005
  sidebar	0.025597836822271347
  posted	0.025596972554922104
  render	0.02559451200067997
  vm	0.025576338171958923
  tenant	0.0255750622600317
  rat	0.02550220489501953
  telnet	0.025494668632745743
  pickled	0.025493867695331573
  spam	0.025484908372163773
  wizard	0.025399943813681602
  scatter	0.025375768542289734
  picture	0.025356169790029526
  solutions	0.025353925302624702
  pyrax	0.025345973670482635
  }}{%	0.025336362421512604
  shortest	0.025326212868094444
  pyspark	0.025317855179309845
  spi	0.02526894398033619
  simulation	0.025264769792556763
  robot	0.025243574753403664
  virtualenv	0.025235088542103767
  watch	0.0252072736620903
  prediction	0.025205286219716072
  vmware	0.025193575769662857
  production	0.025101441890001297
  project	0.025076238438487053
  tcl	0.025072801858186722
  pyqt	0.025055333971977234
  widget	0.02505251206457615
  startTag	0.0250407624989748
  px	0.025022657588124275
  percentile	0.025017062202095985
  snippets	0.025001848116517067
  string	0.02499542012810707
  probabilities	0.024975989013910294
  testfile	0.024949457496404648
  reward	0.024945085868239403
  viewer	0.024902477860450745
  unquote	0.02489555813372135
  sensors	0.024895235896110535
  vip	0.02486943081021309
  wiz	0.024840693920850754
  pi	0.02484053745865822
  submissions	0.02483455091714859
  view	0.024828117340803146
  reports	0.024819014593958855
  views	0.024813838303089142
  sage	0.0248066745698452
  quo	0.02480331063270569
  vdom	0.02480226196348667
  }}'})	0.024784138426184654
  pyparsing	0.024781497195363045
  shop	0.0247793085873127
  screen	0.024767626076936722
  toolbar	0.024760572239756584
  searched	0.024709858000278473
  paths	0.02468775399029255
  ping	0.02467140182852745
  vcenter	0.024666476994752884
  visited	0.02466527186334133
  pipes	0.024631313979625702
  svm	0.024625422433018684
  qapply	0.024624433368444443
  pixmap	0.024608099833130836
  pathname	0.024578718468546867
  sick	0.02455296739935875
  syslog	0.024546809494495392
  scores	0.024545159190893173
